Brand,Category
Adidas,Men's Fashion
H&M,Women's Fashion
Adidas,Women's Fashion
Zara,Men's Fashion
Adidas,Men's Fashion
Adidas,Men's Fashion
Gucci,Men's Fashion
Zara,Kids' Fashion
H&M,Men's Fashion
Zara,Kids' Fashion
Adidas,Men's Fashion
Gucci,Kids' Fashion
Nike,Kids' Fashion
Zara,Women's Fashion
Zara,Men's Fashion
Adidas,Women's Fashion
Gucci,Women's Fashion
Gucci,Women's Fashion
Gucci,Women's Fashion
Gucci,Men's Fashion
H&M,Men's Fashion
Gucci,Women's Fashion
Zara,Kids' Fashion
Zara,Women's Fashion
H&M,Kids' Fashion
Gucci,Women's Fashion
Adidas,Kids' Fashion
Zara,Women's Fashion
Gucci,Women's Fashion
Nike,Kids' Fashion
H&M,Kids' Fashion
Nike,Kids' Fashion
H&M,Kids' Fashion
H&M,Men's Fashion
Zara,Women's Fashion
H&M,Kids' Fashion
Zara,Kids' Fashion
Nike,Kids' Fashion
Adidas,Men's Fashion
Zara,Women's Fashion
Gucci,Women's Fashion
Zara,Kids' Fashion
Adidas,Men's Fashion
Nike,Kids' Fashion
Gucci,Women's Fashion
Zara,Men's Fashion
Zara,Men's Fashion
Gucci,Kids' Fashion
Gucci,Kids' Fashion
H&M,Women's Fashion
Adidas,Women's Fashion
Nike,Kids' Fashion
Nike,Men's Fashion
H&M,Men's Fashion
Adidas,Kids' Fashion
Nike,Women's Fashion
Adidas,Women's Fashion
Adidas,Women's Fashion
Nike,Kids' Fashion
H&M,Kids' Fashion
Adidas,Women's Fashion
Nike,Men's Fashion
Zara,Kids' Fashion
Gucci,Kids' Fashion
H&M,Kids' Fashion
H&M,Kids' Fashion
Gucci,Women's Fashion
Gucci,Women's Fashion
Gucci,Women's Fashion
Gucci,Women's Fashion
Adidas,Women's Fashion
H&M,Women's Fashion
Gucci,Men's Fashion
Zara,Women's Fashion
H&M,Women's Fashion
Adidas,Women's Fashion
H&M,Kids' Fashion
Nike,Men's Fashion
Nike,Men's Fashion
Nike,Kids' Fashion
Nike,Women's Fashion
H&M,Kids' Fashion
Nike,Women's Fashion
Adidas,Women's Fashion
Nike,Women's Fashion
Zara,Men's Fashion
Nike,Men's Fashion
Nike,Kids' Fashion
Gucci,Men's Fashion
H&M,Men's Fashion
H&M,Kids' Fashion
Adidas,Men's Fashion
Nike,Men's Fashion
Zara,Women's Fashion
Gucci,Women's Fashion
Gucci,Women's Fashion
Gucci,Men's Fashion
Gucci,Kids' Fashion
Nike,Kids' Fashion
Adidas,Kids' Fashion
Zara,Women's Fashion
Gucci,Kids' Fashion
Zara,Women's Fashion
H&M,Men's Fashion
Zara,Women's Fashion
H&M,Kids' Fashion
Zara,Men's Fashion
Gucci,Men's Fashion
Nike,Kids' Fashion
Gucci,Women's Fashion
Zara,Women's Fashion
Adidas,Men's Fashion
Zara,Men's Fashion
H&M,Men's Fashion
Adidas,Kids' Fashion
Adidas,Women's Fashion
Zara,Kids' Fashion
Adidas,Men's Fashion
Nike,Men's Fashion
H&M,Men's Fashion
Gucci,Men's Fashion
H&M,Women's Fashion
Nike,Women's Fashion
H&M,Men's Fashion
H&M,Kids' Fashion
Nike,Kids' Fashion
Zara,Women's Fashion
H&M,Women's Fashion
Zara,Women's Fashion
Nike,Women's Fashion
H&M,Men's Fashion
Adidas,Women's Fashion
H&M,Kids' Fashion
Zara,Women's Fashion
Adidas,Kids' Fashion
Zara,Men's Fashion
Gucci,Kids' Fashion
H&M,Women's Fashion
Gucci,Women's Fashion
Zara,Kids' Fashion
Nike,Women's Fashion
Nike,Men's Fashion
Gucci,Women's Fashion
Adidas,Kids' Fashion
Zara,Kids' Fashion
Adidas,Women's Fashion
Gucci,Kids' Fashion
Adidas,Women's Fashion
Adidas,Women's Fashion
Nike,Women's Fashion
Adidas,Men's Fashion
Nike,Men's Fashion
Nike,Kids' Fashion
Zara,Men's Fashion
Gucci,Women's Fashion
Adidas,Women's Fashion
Adidas,Women's Fashion
Adidas,Men's Fashion
Nike,Kids' Fashion
Gucci,Women's Fashion
Adidas,Women's Fashion
Nike,Women's Fashion
Nike,Women's Fashion
Nike,Men's Fashion
Gucci,Women's Fashion
Adidas,Kids' Fashion
Zara,Kids' Fashion
Gucci,Women's Fashion
Zara,Men's Fashion
Gucci,Men's Fashion
Nike,Men's Fashion
Zara,Women's Fashion
Nike,Kids' Fashion
Adidas,Kids' Fashion
Adidas,Men's Fashion
H&M,Kids' Fashion
Nike,Kids' Fashion
Nike,Women's Fashion
Adidas,Kids' Fashion
Zara,Kids' Fashion
H&M,Kids' Fashion
Zara,Men's Fashion
Zara,Kids' Fashion
Zara,Women's Fashion
Gucci,Men's Fashion
Adidas,Men's Fashion
Zara,Women's Fashion
Nike,Men's Fashion
Adidas,Women's Fashion
Zara,Kids' Fashion
Gucci,Kids' Fashion
Zara,Kids' Fashion
H&M,Women's Fashion
Adidas,Women's Fashion
Zara,Kids' Fashion
Gucci,Kids' Fashion
Nike,Kids' Fashion
Zara,Men's Fashion
Zara,Women's Fashion
H&M,Men's Fashion
Zara,Women's Fashion
Nike,Men's Fashion
Zara,Women's Fashion
Zara,Kids' Fashion
H&M,Men's Fashion
Nike,Kids' Fashion
Gucci,Kids' Fashion
Zara,Men's Fashion
H&M,Women's Fashion
Adidas,Women's Fashion
Zara,Women's Fashion
Adidas,Women's Fashion
Zara,Women's Fashion
Adidas,Women's Fashion
Adidas,Men's Fashion
Gucci,Kids' Fashion
Gucci,Women's Fashion
Gucci,Men's Fashion
H&M,Women's Fashion
H&M,Kids' Fashion
Adidas,Men's Fashion
Adidas,Kids' Fashion
Gucci,Women's Fashion
Adidas,Women's Fashion
Nike,Men's Fashion
H&M,Men's Fashion
Adidas,Kids' Fashion
H&M,Men's Fashion
Adidas,Kids' Fashion
Zara,Men's Fashion
Zara,Women's Fashion
Zara,Men's Fashion
Nike,Kids' Fashion
H&M,Kids' Fashion
Zara,Women's Fashion
Zara,Men's Fashion
Adidas,Men's Fashion
Adidas,Kids' Fashion
Gucci,Kids' Fashion
H&M,Men's Fashion
Gucci,Men's Fashion
H&M,Men's Fashion
H&M,Men's Fashion
Zara,Women's Fashion
H&M,Women's Fashion
Gucci,Kids' Fashion
Zara,Women's Fashion
Zara,Kids' Fashion
H&M,Kids' Fashion
H&M,Women's Fashion
Gucci,Kids' Fashion
H&M,Men's Fashion
Zara,Kids' Fashion
Gucci,Kids' Fashion
H&M,Kids' Fashion
Gucci,Kids' Fashion
Nike,Women's Fashion
Gucci,Women's Fashion
Nike,Men's Fashion
Adidas,Kids' Fashion
Zara,Men's Fashion
Gucci,Women's Fashion
Zara,Men's Fashion
Gucci,Women's Fashion
H&M,Kids' Fashion
Gucci,Kids' Fashion
Adidas,Women's Fashion
Adidas,Kids' Fashion
H&M,Kids' Fashion
Adidas,Kids' Fashion
Nike,Men's Fashion
Nike,Kids' Fashion
Nike,Men's Fashion
Adidas,Women's Fashion
Nike,Men's Fashion
Nike,Men's Fashion
H&M,Kids' Fashion
Gucci,Men's Fashion
Adidas,Kids' Fashion
Gucci,Kids' Fashion
H&M,Women's Fashion
Nike,Men's Fashion
H&M,Men's Fashion
Zara,Men's Fashion
Nike,Women's Fashion
H&M,Kids' Fashion
Zara,Kids' Fashion
Nike,Men's Fashion
Adidas,Kids' Fashion
Zara,Men's Fashion
H&M,Women's Fashion
Nike,Men's Fashion
Nike,Men's Fashion
H&M,Women's Fashion
H&M,Kids' Fashion
H&M,Women's Fashion
Gucci,Kids' Fashion
Zara,Women's Fashion
Gucci,Kids' Fashion
Adidas,Kids' Fashion
Adidas,Kids' Fashion
Gucci,Kids' Fashion
Gucci,Women's Fashion
Adidas,Women's Fashion
H&M,Women's Fashion
Gucci,Men's Fashion
Zara,Men's Fashion
Adidas,Men's Fashion
Gucci,Kids' Fashion
H&M,Men's Fashion
Nike,Men's Fashion
Zara,Men's Fashion
H&M,Women's Fashion
Nike,Kids' Fashion
Nike,Kids' Fashion
H&M,Women's Fashion
Adidas,Women's Fashion
Zara,Men's Fashion
H&M,Men's Fashion
H&M,Kids' Fashion
Gucci,Kids' Fashion
H&M,Kids' Fashion
Zara,Women's Fashion
Gucci,Men's Fashion
Nike,Men's Fashion
Zara,Men's Fashion
Adidas,Kids' Fashion
Adidas,Kids' Fashion
Nike,Women's Fashion
Zara,Men's Fashion
Adidas,Kids' Fashion
Zara,Men's Fashion
H&M,Kids' Fashion
Zara,Men's Fashion
Gucci,Men's Fashion
Nike,Kids' Fashion
Nike,Women's Fashion
Nike,Women's Fashion
Gucci,Women's Fashion
Adidas,Women's Fashion
Gucci,Men's Fashion
Zara,Women's Fashion
Gucci,Women's Fashion
Nike,Kids' Fashion
H&M,Kids' Fashion
Adidas,Kids' Fashion
H&M,Men's Fashion
Zara,Kids' Fashion
Adidas,Kids' Fashion
H&M,Kids' Fashion
Nike,Women's Fashion
H&M,Men's Fashion
Nike,Women's Fashion
Gucci,Men's Fashion
Nike,Kids' Fashion
Zara,Kids' Fashion
Adidas,Kids' Fashion
Adidas,Men's Fashion
Nike,Kids' Fashion
H&M,Women's Fashion
H&M,Kids' Fashion
Adidas,Men's Fashion
Nike,Kids' Fashion
Nike,Kids' Fashion
Nike,Men's Fashion
Nike,Women's Fashion
Nike,Women's Fashion
Nike,Women's Fashion
Nike,Women's Fashion
Nike,Kids' Fashion
Nike,Women's Fashion
Nike,Men's Fashion
Adidas,Men's Fashion
Nike,Men's Fashion
Zara,Women's Fashion
H&M,Kids' Fashion
Zara,Women's Fashion
Nike,Men's Fashion
Nike,Women's Fashion
Gucci,Women's Fashion
H&M,Men's Fashion
Gucci,Men's Fashion
H&M,Men's Fashion
H&M,Kids' Fashion
Gucci,Women's Fashion
Adidas,Women's Fashion
Adidas,Women's Fashion
H&M,Men's Fashion
Zara,Women's Fashion
Adidas,Women's Fashion
Gucci,Women's Fashion
Zara,Men's Fashion
H&M,Men's Fashion
Gucci,Men's Fashion
Nike,Women's Fashion
Zara,Men's Fashion
Zara,Kids' Fashion
H&M,Men's Fashion
Adidas,Men's Fashion
H&M,Women's Fashion
Gucci,Women's Fashion
H&M,Women's Fashion
Adidas,Men's Fashion
Adidas,Men's Fashion
Adidas,Women's Fashion
Nike,Men's Fashion
Nike,Women's Fashion
H&M,Men's Fashion
Nike,Kids' Fashion
H&M,Kids' Fashion
Nike,Men's Fashion
Nike,Kids' Fashion
Zara,Women's Fashion
Zara,Kids' Fashion
H&M,Kids' Fashion
H&M,Women's Fashion
H&M,Women's Fashion
Zara,Men's Fashion
H&M,Kids' Fashion
Adidas,Men's Fashion
Nike,Kids' Fashion
Nike,Kids' Fashion
Adidas,Men's Fashion
Adidas,Women's Fashion
Nike,Men's Fashion
Zara,Men's Fashion
Zara,Kids' Fashion
Gucci,Kids' Fashion
Gucci,Women's Fashion
Nike,Kids' Fashion
H&M,Kids' Fashion
H&M,Kids' Fashion
H&M,Men's Fashion
Zara,Kids' Fashion
Adidas,Men's Fashion
Zara,Kids' Fashion
Gucci,Men's Fashion
Adidas,Kids' Fashion
Zara,Men's Fashion
Zara,Women's Fashion
Adidas,Men's Fashion
H&M,Men's Fashion
Gucci,Men's Fashion
Nike,Men's Fashion
H&M,Kids' Fashion
Adidas,Kids' Fashion
H&M,Kids' Fashion
Gucci,Kids' Fashion
H&M,Men's Fashion
Nike,Kids' Fashion
Adidas,Kids' Fashion
H&M,Kids' Fashion
Nike,Men's Fashion
Zara,Kids' Fashion
Gucci,Women's Fashion
Gucci,Men's Fashion
Gucci,Women's Fashion
Gucci,Kids' Fashion
Adidas,Kids' Fashion
H&M,Kids' Fashion
Zara,Kids' Fashion
Zara,Women's Fashion
Adidas,Men's Fashion
Zara,Men's Fashion
Gucci,Women's Fashion
H&M,Men's Fashion
Adidas,Women's Fashion
Zara,Women's Fashion
Nike,Women's Fashion
Adidas,Kids' Fashion
Nike,Women's Fashion
Adidas,Women's Fashion
Nike,Women's Fashion
H&M,Kids' Fashion
H&M,Men's Fashion
H&M,Women's Fashion
Nike,Men's Fashion
H&M,Women's Fashion
Nike,Men's Fashion
Nike,Men's Fashion
Zara,Women's Fashion
Gucci,Women's Fashion
Zara,Women's Fashion
Gucci,Men's Fashion
H&M,Women's Fashion
Adidas,Women's Fashion
Adidas,Women's Fashion
H&M,Men's Fashion
Adidas,Men's Fashion
Nike,Men's Fashion
Zara,Kids' Fashion
Zara,Kids' Fashion
H&M,Kids' Fashion
Zara,Kids' Fashion
Nike,Women's Fashion
Adidas,Kids' Fashion
Gucci,Women's Fashion
Zara,Men's Fashion
Adidas,Kids' Fashion
Zara,Women's Fashion
Adidas,Kids' Fashion
Zara,Kids' Fashion
Adidas,Kids' Fashion
Zara,Men's Fashion
Zara,Women's Fashion
Nike,Women's Fashion
Zara,Women's Fashion
Gucci,Men's Fashion
Gucci,Men's Fashion
Nike,Men's Fashion
H&M,Kids' Fashion
Nike,Men's Fashion
Zara,Men's Fashion
Adidas,Kids' Fashion
Nike,Kids' Fashion
Gucci,Women's Fashion
Gucci,Men's Fashion
Gucci,Men's Fashion
Adidas,Women's Fashion
Zara,Men's Fashion
Adidas,Men's Fashion
Adidas,Men's Fashion
Gucci,Women's Fashion
Nike,Kids' Fashion
Adidas,Kids' Fashion
Zara,Women's Fashion
Nike,Kids' Fashion
Zara,Men's Fashion
Gucci,Women's Fashion
Adidas,Kids' Fashion
H&M,Women's Fashion
Zara,Men's Fashion
Nike,Kids' Fashion
Adidas,Kids' Fashion
Nike,Women's Fashion
H&M,Kids' Fashion
Nike,Men's Fashion
Nike,Men's Fashion
Nike,Kids' Fashion
H&M,Kids' Fashion
Nike,Women's Fashion
Adidas,Men's Fashion
Gucci,Men's Fashion
Nike,Women's Fashion
Zara,Men's Fashion
Zara,Women's Fashion
H&M,Kids' Fashion
Zara,Kids' Fashion
Zara,Women's Fashion
Nike,Men's Fashion
H&M,Women's Fashion
Adidas,Kids' Fashion
Adidas,Men's Fashion
Adidas,Men's Fashion
Adidas,Women's Fashion
H&M,Women's Fashion
Adidas,Women's Fashion
Adidas,Women's Fashion
Gucci,Women's Fashion
Adidas,Women's Fashion
Zara,Men's Fashion
Zara,Kids' Fashion
Adidas,Men's Fashion
Adidas,Kids' Fashion
Nike,Kids' Fashion
Gucci,Kids' Fashion
Zara,Kids' Fashion
Gucci,Kids' Fashion
Nike,Kids' Fashion
Adidas,Women's Fashion
Nike,Men's Fashion
H&M,Men's Fashion
Zara,Kids' Fashion
Gucci,Women's Fashion
H&M,Kids' Fashion
H&M,Women's Fashion
H&M,Women's Fashion
Gucci,Women's Fashion
Gucci,Women's Fashion
Adidas,Men's Fashion
Zara,Men's Fashion
Zara,Men's Fashion
H&M,Kids' Fashion
Gucci,Women's Fashion
Adidas,Women's Fashion
Nike,Kids' Fashion
Adidas,Women's Fashion
Gucci,Kids' Fashion
Adidas,Women's Fashion
Nike,Kids' Fashion
Gucci,Women's Fashion
Nike,Kids' Fashion
H&M,Men's Fashion
Nike,Kids' Fashion
Gucci,Women's Fashion
H&M,Women's Fashion
H&M,Men's Fashion
Gucci,Women's Fashion
H&M,Men's Fashion
Adidas,Men's Fashion
Adidas,Women's Fashion
Zara,Women's Fashion
Zara,Kids' Fashion
Gucci,Men's Fashion
Adidas,Women's Fashion
Nike,Women's Fashion
Nike,Women's Fashion
H&M,Women's Fashion
Adidas,Kids' Fashion
H&M,Women's Fashion
Gucci,Kids' Fashion
Zara,Men's Fashion
Gucci,Women's Fashion
Gucci,Men's Fashion
Nike,Kids' Fashion
Zara,Women's Fashion
Adidas,Kids' Fashion
Gucci,Kids' Fashion
Nike,Women's Fashion
Nike,Kids' Fashion
H&M,Men's Fashion
Nike,Men's Fashion
Adidas,Kids' Fashion
Nike,Women's Fashion
Adidas,Kids' Fashion
Adidas,Men's Fashion
Adidas,Men's Fashion
Nike,Women's Fashion
Gucci,Men's Fashion
Nike,Women's Fashion
Zara,Kids' Fashion
Zara,Kids' Fashion
Nike,Women's Fashion
Nike,Kids' Fashion
Adidas,Women's Fashion
Gucci,Kids' Fashion
Zara,Kids' Fashion
Adidas,Men's Fashion
Zara,Men's Fashion
Zara,Kids' Fashion
Zara,Kids' Fashion
Gucci,Kids' Fashion
Zara,Kids' Fashion
H&M,Kids' Fashion
Zara,Kids' Fashion
Zara,Men's Fashion
Adidas,Women's Fashion
Gucci,Men's Fashion
Gucci,Women's Fashion
Gucci,Women's Fashion
Gucci,Men's Fashion
Zara,Kids' Fashion
Gucci,Kids' Fashion
Zara,Kids' Fashion
Zara,Men's Fashion
Nike,Men's Fashion
Nike,Men's Fashion
Adidas,Women's Fashion
Zara,Women's Fashion
Adidas,Kids' Fashion
Gucci,Kids' Fashion
Nike,Women's Fashion
Zara,Women's Fashion
H&M,Kids' Fashion
H&M,Women's Fashion
H&M,Women's Fashion
Nike,Kids' Fashion
Zara,Men's Fashion
Adidas,Women's Fashion
Gucci,Men's Fashion
Adidas,Women's Fashion
Zara,Kids' Fashion
Gucci,Kids' Fashion
Adidas,Kids' Fashion
Nike,Kids' Fashion
Nike,Women's Fashion
Gucci,Women's Fashion
H&M,Men's Fashion
Adidas,Kids' Fashion
Nike,Women's Fashion
Zara,Kids' Fashion
Adidas,Women's Fashion
Gucci,Men's Fashion
Adidas,Women's Fashion
Nike,Men's Fashion
H&M,Women's Fashion
H&M,Kids' Fashion
H&M,Kids' Fashion
H&M,Kids' Fashion
H&M,Kids' Fashion
Adidas,Kids' Fashion
Nike,Women's Fashion
Nike,Men's Fashion
Adidas,Kids' Fashion
Zara,Women's Fashion
Adidas,Men's Fashion
Nike,Women's Fashion
Zara,Men's Fashion
Adidas,Men's Fashion
H&M,Women's Fashion
Nike,Women's Fashion
Gucci,Kids' Fashion
Gucci,Men's Fashion
Adidas,Kids' Fashion
Nike,Kids' Fashion
Gucci,Women's Fashion
Adidas,Women's Fashion
Nike,Kids' Fashion
Adidas,Men's Fashion
Zara,Men's Fashion
Adidas,Men's Fashion
Gucci,Kids' Fashion
Gucci,Men's Fashion
Zara,Men's Fashion
Nike,Women's Fashion
Adidas,Men's Fashion
Nike,Women's Fashion
Zara,Women's Fashion
H&M,Women's Fashion
Adidas,Men's Fashion
Zara,Kids' Fashion
Adidas,Women's Fashion
Nike,Men's Fashion
Adidas,Women's Fashion
Gucci,Women's Fashion
Nike,Men's Fashion
Adidas,Women's Fashion
Zara,Men's Fashion
Gucci,Kids' Fashion
Zara,Kids' Fashion
Adidas,Men's Fashion
Zara,Women's Fashion
Adidas,Women's Fashion
Zara,Women's Fashion
H&M,Men's Fashion
Adidas,Men's Fashion
Adidas,Kids' Fashion
H&M,Men's Fashion
Gucci,Kids' Fashion
Nike,Women's Fashion
Nike,Women's Fashion
H&M,Men's Fashion
H&M,Women's Fashion
Zara,Men's Fashion
Zara,Men's Fashion
Gucci,Kids' Fashion
Adidas,Kids' Fashion
Zara,Kids' Fashion
Gucci,Women's Fashion
Nike,Kids' Fashion
Gucci,Kids' Fashion
Gucci,Men's Fashion
Zara,Kids' Fashion
Gucci,Kids' Fashion
Zara,Women's Fashion
Adidas,Men's Fashion
Gucci,Kids' Fashion
Nike,Women's Fashion
Gucci,Kids' Fashion
Nike,Women's Fashion
H&M,Men's Fashion
Nike,Kids' Fashion
Nike,Men's Fashion
H&M,Women's Fashion
H&M,Kids' Fashion
Zara,Men's Fashion
H&M,Men's Fashion
H&M,Women's Fashion
Zara,Men's Fashion
H&M,Kids' Fashion
Zara,Men's Fashion
Gucci,Men's Fashion
Nike,Women's Fashion
H&M,Men's Fashion
H&M,Men's Fashion
Nike,Men's Fashion
Adidas,Kids' Fashion
Nike,Kids' Fashion
Nike,Kids' Fashion
Gucci,Kids' Fashion
Nike,Men's Fashion
Adidas,Men's Fashion
H&M,Women's Fashion
Zara,Men's Fashion
H&M,Men's Fashion
H&M,Kids' Fashion
H&M,Women's Fashion
Adidas,Kids' Fashion
Nike,Women's Fashion
Adidas,Men's Fashion
Gucci,Women's Fashion
Adidas,Kids' Fashion
Zara,Kids' Fashion
H&M,Women's Fashion
Gucci,Kids' Fashion
H&M,Women's Fashion
H&M,Kids' Fashion
H&M,Kids' Fashion
Adidas,Men's Fashion
H&M,Men's Fashion
Zara,Men's Fashion
Gucci,Men's Fashion
Nike,Men's Fashion
Zara,Kids' Fashion
H&M,Men's Fashion
Zara,Women's Fashion
Zara,Men's Fashion
Adidas,Women's Fashion
Adidas,Men's Fashion
Zara,Kids' Fashion
Gucci,Kids' Fashion
Nike,Women's Fashion
Zara,Men's Fashion
Zara,Women's Fashion
Zara,Women's Fashion
Nike,Kids' Fashion
Adidas,Kids' Fashion
Nike,Women's Fashion
Zara,Men's Fashion
Nike,Women's Fashion
H&M,Women's Fashion
Gucci,Kids' Fashion
H&M,Kids' Fashion
Zara,Women's Fashion
Zara,Men's Fashion
Adidas,Women's Fashion
Nike,Women's Fashion
H&M,Women's Fashion
Adidas,Men's Fashion
Gucci,Kids' Fashion
Gucci,Kids' Fashion
Nike,Women's Fashion
H&M,Kids' Fashion
H&M,Women's Fashion
Nike,Kids' Fashion
Gucci,Women's Fashion
Nike,Kids' Fashion
Zara,Men's Fashion
Nike,Kids' Fashion
Zara,Kids' Fashion
Zara,Men's Fashion
Adidas,Men's Fashion
Nike,Kids' Fashion
Zara,Kids' Fashion
Gucci,Men's Fashion
Nike,Kids' Fashion
Gucci,Women's Fashion
Nike,Kids' Fashion
Nike,Kids' Fashion
Nike,Kids' Fashion
Nike,Men's Fashion
H&M,Kids' Fashion
H&M,Kids' Fashion
Adidas,Kids' Fashion
H&M,Kids' Fashion
Gucci,Women's Fashion
H&M,Men's Fashion
Zara,Kids' Fashion
Adidas,Women's Fashion
Nike,Kids' Fashion
Gucci,Men's Fashion
Adidas,Kids' Fashion
Gucci,Men's Fashion
Nike,Men's Fashion
Gucci,Women's Fashion
H&M,Men's Fashion
Nike,Men's Fashion
Gucci,Kids' Fashion
Zara,Men's Fashion
Nike,Kids' Fashion
H&M,Men's Fashion
H&M,Women's Fashion
Gucci,Kids' Fashion
Gucci,Kids' Fashion
Adidas,Kids' Fashion
Nike,Kids' Fashion
Zara,Women's Fashion
Nike,Women's Fashion
Nike,Kids' Fashion
Zara,Kids' Fashion
H&M,Men's Fashion
Gucci,Women's Fashion
Nike,Kids' Fashion
Zara,Men's Fashion
Zara,Kids' Fashion
Gucci,Men's Fashion
Adidas,Men's Fashion
Gucci,Kids' Fashion
Adidas,Kids' Fashion
H&M,Men's Fashion
H&M,Women's Fashion
Adidas,Women's Fashion
H&M,Kids' Fashion
Adidas,Men's Fashion
Gucci,Women's Fashion
Gucci,Men's Fashion
H&M,Women's Fashion
Nike,Women's Fashion
Gucci,Men's Fashion
Nike,Men's Fashion
Zara,Men's Fashion
Gucci,Women's Fashion
Nike,Women's Fashion
Zara,Women's Fashion
Nike,Women's Fashion
Nike,Kids' Fashion
Adidas,Men's Fashion
Zara,Kids' Fashion
Nike,Women's Fashion
Adidas,Kids' Fashion
Nike,Kids' Fashion
Adidas,Men's Fashion
Gucci,Kids' Fashion
H&M,Kids' Fashion
Adidas,Kids' Fashion
Nike,Men's Fashion
Zara,Men's Fashion
H&M,Kids' Fashion
Adidas,Women's Fashion
Gucci,Women's Fashion
Gucci,Men's Fashion
Gucci,Men's Fashion
Zara,Men's Fashion
Nike,Men's Fashion
H&M,Women's Fashion
Zara,Women's Fashion
Adidas,Men's Fashion
Adidas,Kids' Fashion
Gucci,Kids' Fashion
Adidas,Women's Fashion
Zara,Kids' Fashion
H&M,Kids' Fashion
Adidas,Kids' Fashion
Nike,Women's Fashion
Adidas,Men's Fashion
Gucci,Men's Fashion
Gucci,Men's Fashion
Gucci,Kids' Fashion
H&M,Men's Fashion
Gucci,Kids' Fashion
Zara,Men's Fashion
Adidas,Men's Fashion
Gucci,Kids' Fashion
H&M,Kids' Fashion
Gucci,Kids' Fashion
H&M,Women's Fashion
Zara,Kids' Fashion
Gucci,Women's Fashion
Zara,Kids' Fashion
Zara,Men's Fashion
Nike,Kids' Fashion
Zara,Women's Fashion
Nike,Kids' Fashion
Gucci,Women's Fashion
Nike,Kids' Fashion
H&M,Men's Fashion
Nike,Men's Fashion
Adidas,Men's Fashion
H&M,Kids' Fashion
Gucci,Men's Fashion
Nike,Women's Fashion
Adidas,Women's Fashion
H&M,Men's Fashion
Nike,Women's Fashion
Nike,Men's Fashion
Gucci,Kids' Fashion
Gucci,Kids' Fashion
Gucci,Kids' Fashion
Gucci,Kids' Fashion
H&M,Kids' Fashion
H&M,Men's Fashion
Gucci,Men's Fashion
H&M,Kids' Fashion
Gucci,Kids' Fashion
Zara,Men's Fashion
Nike,Kids' Fashion
Nike,Men's Fashion
Zara,Men's Fashion
Nike,Men's Fashion
H&M,Kids' Fashion
Nike,Women's Fashion
Nike,Kids' Fashion
Zara,Men's Fashion
Gucci,Men's Fashion
H&M,Women's Fashion
Gucci,Men's Fashion
H&M,Women's Fashion
H&M,Men's Fashion
Adidas,Men's Fashion
Gucci,Men's Fashion
Nike,Kids' Fashion
Gucci,Women's Fashion
H&M,Women's Fashion
H&M,Men's Fashion
Adidas,Kids' Fashion
Zara,Women's Fashion
Nike,Kids' Fashion
Zara,Men's Fashion
Zara,Women's Fashion
Adidas,Women's Fashion